P001_WA01	Eukaryota;Streptophyta;Magnoliopsida;Saxifragales;Saxifragaceae;Saxifraga;
P001_WA02	Eukaryota;Streptophyta;Magnoliopsida;Lamiales;Orobanchaceae;Euphrasia;
P001_WA03	Eukaryota;Streptophyta;Magnoliopsida;Poales;Cyperaceae;Carex;
P001_WA04	Eukaryota;Streptophyta;Magnoliopsida;Malpighiales;Salicaceae;Salix;
P001_WA05	Eukaryota;Streptophyta;Magnoliopsida;Poales;Poaceae;Festuca;
P001_WA06	Eukaryota;Streptophyta;Magnoliopsida;Poales;Cyperaceae;Carex;
P001_WA07	Eukaryota;Streptophyta;Magnoliopsida;Asterales;Asteraceae;Omalotheca;
P001_WA08	Eukaryota;Streptophyta;Magnoliopsida;Poales;Cyperaceae;Carex;
P001_WA09	Eukaryota;Streptophyta;Polypodiopsida;Ophioglossales;Ophioglossaceae;Botrychium;
P001_WA10	Eukaryota;Streptophyta;Magnoliopsida;Gentianales;Rubiaceae;Cruciata;
P001_WA11	Eukaryota;Streptophyta;Magnoliopsida;Asterales;Campanulaceae;Campanula;
P001_WA12	Eukaryota;Streptophyta;Magnoliopsida;Asterales;Asteraceae;Matricaria;
P001_WB01	Eukaryota;Streptophyta;Magnoliopsida;Brassicales;Brassicaceae;Arabis;
P001_WB02	Eukaryota;Streptophyta;Magnoliopsida;Malpighiales;Salicaceae;Salix;
P001_WB03	Eukaryota;Streptophyta;Magnoliopsida;Poales;Cyperaceae;Eriophorum;
P001_WB04	Eukaryota;Streptophyta;Magnoliopsida;Fagales;Betulaceae;Betula;
P001_WB05	Eukaryota;Streptophyta;Magnoliopsida;Poales;Poaceae;Anthoxanthum;
P001_WB06	Eukaryota;Streptophyta;Magnoliopsida;Gentianales;Gentianaceae;Comastoma;
P001_WB07	Eukaryota;Streptophyta;Magnoliopsida;Fabales;Fabaceae;Oxytropis;
P001_WB08	Eukaryota;Streptophyta;Magnoliopsida;Poales;Poaceae;Bromus;
P001_WB09	Eukaryota;Streptophyta;Magnoliopsida;Asterales;Asteraceae;Leontodon;
P001_WB10	Eukaryota;Streptophyta;Magnoliopsida;Poales;Poaceae;Nardus;
P001_WB11	Eukaryota;Streptophyta;Magnoliopsida;Asterales;Campanulaceae;Campanula;
P001_WB12	Eukaryota;Streptophyta;Magnoliopsida;Asterales;Asteraceae;Gnaphalium;
P001_WC01	Eukaryota;Streptophyta;Magnoliopsida;Ranunculales;Ranunculaceae;Ranunculus;
P001_WC02	Eukaryota;Streptophyta;Magnoliopsida;Poales;Poaceae;Deschampsia;
P001_WC03	Eukaryota;Streptophyta;Magnoliopsida;Asterales;Asteraceae;Erigeron;
P001_WC04	Eukaryota;Streptophyta;Pinopsida;Cupressales;Cupressaceae;Juniperus;
P001_WC05	Eukaryota;Streptophyta;Magnoliopsida;Ericales;Ericaceae;Arctostaphylos;
P001_WC06	Eukaryota;Streptophyta;Magnoliopsida;Gentianales;Gentianaceae;Gentiana;
P001_WC07	Eukaryota;Streptophyta;Magnoliopsida;Asterales;Asteraceae;Leontodon;
P001_WC08	Eukaryota;Streptophyta;Magnoliopsida;Apiales;Apiaceae;Bupleurum;
P001_WC09	Eukaryota;Streptophyta;Magnoliopsida;Lamiales;Lamiaceae;Betonica;
P001_WC10	Eukaryota;Streptophyta;Magnoliopsida;Apiales;Apiaceae;Carum;
P001_WC11	Eukaryota;Streptophyta;Magnoliopsida;Caryophyllales;Polygonaceae;Rumex;
P001_WC12	Eukaryota;Streptophyta;Magnoliopsida;Poales;Cyperaceae;Carex;
P001_WD01	Eukaryota;Streptophyta;Magnoliopsida;Poales;Poaceae;Poa;
P001_WD02	Eukaryota;Streptophyta;Magnoliopsida;Saxifragales;Saxifragaceae;Saxifraga;
P001_WD03	Eukaryota;Streptophyta;Magnoliopsida;Poales;Poaceae;Calamagrostis;
P001_WD04	Eukaryota;Streptophyta;Magnoliopsida;Ericales;Ericaceae;Cassiope;
P001_WD05	Eukaryota;Streptophyta;Magnoliopsida;Poales;Poaceae;Avenella;
P001_WD06	Eukaryota;Streptophyta;Magnoliopsida;Asterales;Campanulaceae;Campanula;
P001_WD07	Eukaryota;Streptophyta;Magnoliopsida;Caryophyllales;Caryophyllaceae;Silene;
P001_WD08	Eukaryota;Streptophyta;Magnoliopsida;Caryophyllales;Caryophyllaceae;Cerastium;
P001_WD09	Eukaryota;Streptophyta;Magnoliopsida;Gentianales;Gentianaceae;Gentiana;
P001_WD10	Eukaryota;Streptophyta;Magnoliopsida;Boraginales;Boraginaceae;Myosotis;
P001_WD11	Eukaryota;Streptophyta;Magnoliopsida;Saxifragales;Crassulaceae;Sedum;
P001_WD12	Eukaryota;Streptophyta;Magnoliopsida;Asterales;Asteraceae;Taraxacum;
P001_WE01	Eukaryota;Streptophyta;Magnoliopsida;Caryophyllales;Caryophyllaceae;Minuartia;
P001_WE02	Eukaryota;Streptophyta;Magnoliopsida;Poales;Cyperaceae;Kobresia;
P001_WE03	Eukaryota;Streptophyta;Magnoliopsida;Ranunculales;Ranunculaceae;Ranunculus;
P001_WE04	Eukaryota;Streptophyta;Magnoliopsida;Alismatales;Tofieldiaceae;Tofieldia;
P001_WE05	Eukaryota;Streptophyta;Magnoliopsida;Ericales;Ericaceae;Kalmia;
P001_WE06	Eukaryota;Streptophyta;Magnoliopsida;Poales;Poaceae;Phleum;
P001_WE07	Eukaryota;Streptophyta;Magnoliopsida;Poales;Juncaceae;Luzula;
P001_WE08	Eukaryota;Streptophyta;Magnoliopsida;Dipsacales;Caprifoliaceae;Scabiosa;
P001_WE09	Eukaryota;Streptophyta;Magnoliopsida;Asterales;Asteraceae;Psephellus;
P001_WE10	Eukaryota;Streptophyta;Magnoliopsida;Asterales;Asteraceae;Taraxacum;
P001_WE11	Eukaryota;Streptophyta;Magnoliopsida;Poales;Poaceae;Festuca;
P001_WE12	Eukaryota;Streptophyta;Magnoliopsida;Poales;Cyperaceae;Carex;
P001_WF01	Eukaryota;Streptophyta;Polypodiopsida;Equisetales;Equisetaceae;Equisetum;
P001_WF02	Eukaryota;Streptophyta;Magnoliopsida;Poales;Cyperaceae;Carex;
P001_WF03	Eukaryota;Streptophyta;Magnoliopsida;Caryophyllales;Caryophyllaceae;Cerastium;
P001_WF04	Eukaryota;Streptophyta;Magnoliopsida;Caryophyllales;Caryophyllaceae;Silene;
P001_WF05	Eukaryota;Streptophyta;Magnoliopsida;Asterales;Asteraceae;Antennaria;
P001_WF06	Eukaryota;Streptophyta;Magnoliopsida;Lamiales;Orobanchaceae;Euphrasia;
P001_WF07	Eukaryota;Streptophyta;Magnoliopsida;Poales;Poaceae;Festuca;
P001_WF08	Eukaryota;Streptophyta;Magnoliopsida;Asparagales;Orchidaceae;Coeloglossum;
P001_WF09	Eukaryota;Streptophyta;Magnoliopsida;Gentianales;Gentianaceae;Gentiana;
P001_WF10	Eukaryota;Streptophyta;Magnoliopsida;Fabales;Fabaceae;Anthyllis;
P001_WF11	Eukaryota;Streptophyta;Magnoliopsida;Apiales;Apiaceae;Seseli;
P001_WF12	Eukaryota;Streptophyta;Magnoliopsida;Geraniales;Geraniaceae;Geranium;
P001_WG01	Eukaryota;Streptophyta;Magnoliopsida;Ranunculales;Ranunculaceae;Thalictrum;
P001_WG02	Eukaryota;Streptophyta;Magnoliopsida;Poales;Cyperaceae;Carex;
P001_WG03	Eukaryota;Streptophyta;Lycopodiopsida;Selaginellales;Selaginellaceae;Selaginella;
P001_WG04	Eukaryota;Streptophyta;Magnoliopsida;Poales;Cyperaceae;Carex;
P001_WG05	Eukaryota;Streptophyta;Magnoliopsida;Caryophyllales;Caryophyllaceae;Viscaria;
P001_WG06	Eukaryota;Streptophyta;Magnoliopsida;Saxifragales;Saxifragaceae;Saxifraga;
P001_WG07	Eukaryota;Streptophyta;Magnoliopsida;Gentianales;Gentianaceae;Gentianella;
P001_WG08	Eukaryota;Streptophyta;Magnoliopsida;Asterales;Asteraceae;Anthemis;
P001_WG09	Eukaryota;Streptophyta;Magnoliopsida;Gentianales;Gentianaceae;Gentiana;
P001_WG10	Eukaryota;Streptophyta;Magnoliopsida;Asterales;Asteraceae;Taraxacum;
P001_WG11	Eukaryota;Streptophyta;Magnoliopsida;Liliales;Liliaceae;Gagea;
P001_WG12	Eukaryota;Streptophyta;Magnoliopsida;Poales;Poaceae;Catabrosella;
P001_WH01	Eukaryota;Streptophyta;Magnoliopsida;Celastrales;Celastraceae;Parnassia;
P001_WH02	Eukaryota;Streptophyta;Magnoliopsida;Malpighiales;Salicaceae;Salix;
P001_WH03	Eukaryota;Streptophyta;Magnoliopsida;Poales;Cyperaceae;Eriophorum;
P001_WH04	Eukaryota;Streptophyta;Magnoliopsida;Saxifragales;Saxifragaceae;Saxifraga;
P001_WH05	Eukaryota;Streptophyta;Magnoliopsida;Lamiales;Plantaginaceae;Veronica;
P001_WH06	Eukaryota;Streptophyta;Magnoliopsida;Poales;Poaceae;Trisetum;
P001_WH07	Eukaryota;Streptophyta;Magnoliopsida;Asterales;Asteraceae;Scorzonera;
P001_WH08	Eukaryota;Streptophyta;Magnoliopsida;Asterales;Asteraceae;Anthemis;
P001_WH09	Eukaryota;Streptophyta;Magnoliopsida;Ericales;Primulaceae;Primula;
P001_WH10	Eukaryota;Streptophyta;Magnoliopsida;Malpighiales;Hypericaceae;Hypericum;
P001_WH11	Eukaryota;Streptophyta;Magnoliopsida;Asterales;Asteraceae;Erigeron;
P001_WH12	Eukaryota;Streptophyta;Magnoliopsida;Asterales;Asteraceae;Hieracium;
P002_WA01	Eukaryota;Streptophyta;Magnoliopsida;Poales;Poaceae;Hyalopoa;
P002_WA02	Eukaryota;Streptophyta;Magnoliopsida;Fabales;Fabaceae;Trifolium;
P002_WA03	Eukaryota;Streptophyta;Magnoliopsida;Poales;Poaceae;Festuca;
P002_WA04	Eukaryota;Streptophyta;Magnoliopsida;Apiales;Apiaceae;Carum;
P002_WA05	Eukaryota;Streptophyta;Magnoliopsida;Gentianales;Gentianaceae;Gentiana;
P002_WA06	Eukaryota;Streptophyta;Magnoliopsida;Apiales;Apiaceae;Peucedanum;
P002_WA07	Eukaryota;Streptophyta;Magnoliopsida;Ericales;Ericaceae;Harrimanella;
P002_WA08	Eukaryota;Streptophyta;Magnoliopsida;Poales;Poaceae;Poa;
P002_WA09	Eukaryota;Streptophyta;Magnoliopsida;Rosales;Rosaceae;Dryas;
P002_WA10	Eukaryota;Streptophyta;Magnoliopsida;Ericales;Ericaceae;Rhododendron;
P002_WA11	Eukaryota;Streptophyta;Magnoliopsida;Poales;Poaceae;Calamagrostis;
P002_WA12	Eukaryota;Streptophyta;Magnoliopsida;Saxifragales;Saxifragaceae;Saxifraga;
P002_WB01	Eukaryota;Streptophyta;Magnoliopsida;Apiales;Apiaceae;Chaerophyllum;
P002_WB02	Eukaryota;Streptophyta;Magnoliopsida;Ericales;Primulaceae;Primula;
P002_WB03	Eukaryota;Streptophyta;Magnoliopsida;Caryophyllales;Caryophyllaceae;Arenaria;
P002_WB04	Eukaryota;Streptophyta;Magnoliopsida;Poales;Poaceae;Helictotrichon;
P002_WB05	Eukaryota;Streptophyta;Magnoliopsida;Lamiales;Orobanchaceae;Pedicularis;
P002_WB06	Eukaryota;Streptophyta;Magnoliopsida;Rosales;Rosaceae;Potentilla;
P002_WB07	Eukaryota;Streptophyta;Magnoliopsida;Ericales;Ericaceae;Bryanthus;
P002_WB08	Eukaryota;Streptophyta;Magnoliopsida;Poales;Poaceae;Poa;
P002_WB09	Eukaryota;Streptophyta;Magnoliopsida;Malpighiales;Salicaceae;Salix;
P002_WB10	Eukaryota;Streptophyta;Magnoliopsida;Caryophyllales;Caryophyllaceae;Stellaria;
P002_WB11	Eukaryota;Streptophyta;Magnoliopsida;Lamiales;Orobanchaceae;Pedicularis;
P002_WB12	Eukaryota;Streptophyta;Magnoliopsida;Saxifragales;Saxifragaceae;Chrysosplenium;
P002_WC01	Eukaryota;Streptophyta;Magnoliopsida;Rosales;Rosaceae;Potentilla;
P002_WC02	Eukaryota;Streptophyta;Magnoliopsida;Fabales;Fabaceae;Oxytropis;
P002_WC03	Eukaryota;Streptophyta;Magnoliopsida;Lamiales;Orobanchaceae;Euphrasia;
P002_WC04	Eukaryota;Streptophyta;Magnoliopsida;Asterales;Asteraceae;Aster;
P002_WC05	Eukaryota;Streptophyta;Magnoliopsida;Apiales;Apiaceae;Tilingia;
P002_WC06	Eukaryota;Streptophyta;Magnoliopsida;Poales;Juncaceae;Luzula;
P002_WC07	Eukaryota;Streptophyta;Magnoliopsida;Ericales;Ericaceae;Rhododendron;
P002_WC08	Eukaryota;Streptophyta;Magnoliopsida;Brassicales;Brassicaceae;Cardamine;
P002_WC09	Eukaryota;Streptophyta;Magnoliopsida;Fabales;Fabaceae;Astragalus;
P002_WC10	Eukaryota;Streptophyta;Magnoliopsida;Caryophyllales;Polygonaceae;Persicaria;
P002_WC11	Eukaryota;Streptophyta;Magnoliopsida;Caryophyllales;Caryophyllaceae;Minuartia;
P002_WC12	Eukaryota;Streptophyta;Magnoliopsida;Poales;Cyperaceae;Eriophorum;
P002_WD01	Eukaryota;Streptophyta;Magnoliopsida;Lamiales;Orobanchaceae;Pedicularis;
P002_WD02	Eukaryota;Streptophyta;Magnoliopsida;Malpighiales;Violaceae;Viola;
P002_WD03	Eukaryota;Streptophyta;Magnoliopsida;Asterales;Asteraceae;Erigeron;
P002_WD04	Eukaryota;Streptophyta;Magnoliopsida;Rosales;Rosaceae;Potentilla;
P002_WD05	Eukaryota;Streptophyta;Magnoliopsida;Lamiales;Plantaginaceae;Pennellianthus;
P002_WD06	Eukaryota;Streptophyta;Magnoliopsida;Poales;Poaceae;Deschampsia;
P002_WD07	Eukaryota;Streptophyta;Magnoliopsida;Asterales;Asteraceae;Saussurea;
P002_WD08	Eukaryota;Streptophyta;Magnoliopsida;Fabales;Fabaceae;Oxytropis;
P002_WD09	Eukaryota;Streptophyta;Magnoliopsida;Caryophyllales;Plumbaginaceae;Armeria;
P002_WD10	Eukaryota;Streptophyta;Magnoliopsida;Malpighiales;Salicaceae;Salix;
P002_WD11	Eukaryota;Streptophyta;Magnoliopsida;Poales;Poaceae;Hierochloe;
P002_WD12	Eukaryota;Streptophyta;Magnoliopsida;Caryophyllales;Polygonaceae;Rumex;
P002_WE01	Eukaryota;Streptophyta;Magnoliopsida;Asterales;Asteraceae;Centaurea;
P002_WE02	Eukaryota;Streptophyta;Magnoliopsida;Lamiales;Plantaginaceae;Plantago;
P002_WE03	Eukaryota;Streptophyta;Magnoliopsida;Ranunculales;Ranunculaceae;Ranunculus;
P002_WE04	Eukaryota;Streptophyta;Magnoliopsida;Ranunculales;Ranunculaceae;Anemone;
P002_WE05	Eukaryota;Streptophyta;Magnoliopsida;Asterales;Campanulaceae;Campanula;
P002_WE06	Eukaryota;Streptophyta;Magnoliopsida;Dipsacales;Caprifoliaceae;Patrinia;
P002_WE07	Eukaryota;Streptophyta;Magnoliopsida;Rosales;Rosaceae;Spiraea;
P002_WE08	Eukaryota;Streptophyta;Magnoliopsida;Poales;Poaceae;Alopecurus;
P002_WE09	Eukaryota;Streptophyta;Magnoliopsida;Fagales;Betulaceae;Betula;
P002_WE10	Eukaryota;Streptophyta;Magnoliopsida;Saxifragales;Saxifragaceae;Saxifraga;
P002_WE11	Eukaryota;Streptophyta;Magnoliopsida;Poales;Poaceae;Alopecurus;
P002_WE12	Eukaryota;Streptophyta;Magnoliopsida;Poales;Poaceae;Arctophila;
P002_WF01	Eukaryota;Streptophyta;Magnoliopsida;Poales;Poaceae;Calamagrostis;
P002_WF02	Eukaryota;Streptophyta;Magnoliopsida;Lamiales;Plantaginaceae;Veronica;
P002_WF03	Eukaryota;Streptophyta;Magnoliopsida;Caryophyllales;Caryophyllaceae;Minuartia;
P002_WF04	Eukaryota;Streptophyta;Magnoliopsida;Lamiales;Orobanchaceae;Pedicularis;
P002_WF05	Eukaryota;Streptophyta;Magnoliopsida;Ericales;Ericaceae;Rhododendron;
P002_WF06	Eukaryota;Streptophyta;Magnoliopsida;Ericales;Ericaceae;Phyllodoce;
P002_WF07	Eukaryota;Streptophyta;Magnoliopsida;Caryophyllales;Caryophyllaceae;Minuartia;
P002_WF08	Eukaryota;Streptophyta;Magnoliopsida;Poales;Poaceae;Dupontia;
P002_WF09	Eukaryota;Streptophyta;Magnoliopsida;Ericales;Ericaceae;Pyrola;
P002_WF10	Eukaryota;Streptophyta;Magnoliopsida;Rosales;Rosaceae;Potentilla;
P002_WF11	Eukaryota;Streptophyta;Magnoliopsida;Poales;Juncaceae;Luzula;
P002_WF12	Eukaryota;Streptophyta;Magnoliopsida;Poales;Cyperaceae;Carex;
P002_WG01	Eukaryota;Streptophyta;Magnoliopsida;Poales;Poaceae;Agrostis;
P002_WG02	Eukaryota;Streptophyta;Magnoliopsida;Fabales;Fabaceae;Hedysarum;
P002_WG03	Eukaryota;Streptophyta;Magnoliopsida;Liliales;Liliaceae;Fritillaria;
P002_WG04	Eukaryota;Streptophyta;Magnoliopsida;Rosales;Rosaceae;Alchemilla;
P002_WG05	Eukaryota;Streptophyta;Magnoliopsida;Poales;Poaceae;Calamagrostis;
P002_WG06	Eukaryota;Streptophyta;Magnoliopsida;Poales;Juncaceae;Juncus;
P002_WG07	Eukaryota;Streptophyta;Magnoliopsida;Poales;Cyperaceae;Carex;
P002_WG08	Eukaryota;Streptophyta;Magnoliopsida;Poales;Cyperaceae;Eriophorum;
P002_WG09	Eukaryota;Streptophyta;Magnoliopsida;Malpighiales;Salicaceae;Salix;
P002_WG10	Eukaryota;Streptophyta;Magnoliopsida;Saxifragales;Saxifragaceae;Saxifraga;
P002_WG11	Eukaryota;Streptophyta;Magnoliopsida;Malpighiales;Salicaceae;Salix;
P002_WG12	Eukaryota;Streptophyta;Magnoliopsida;Ericales;Ericaceae;Vaccinium;
P002_WH01	Eukaryota;Streptophyta;Magnoliopsida;Ranunculales;Ranunculaceae;Pulsatilla;
P002_WH02	Eukaryota;Streptophyta;Magnoliopsida;Saxifragales;Crassulaceae;Sempervivum;
P002_WH03	Eukaryota;Streptophyta;Magnoliopsida;Gentianales;Rubiaceae;Galium;
P002_WH04	Eukaryota;Streptophyta;Magnoliopsida;Apiales;Apiaceae;Bupleurum;
P002_WH05	Eukaryota;Streptophyta;Magnoliopsida;Ranunculales;Ranunculaceae;Anemone;
P002_WH06	Eukaryota;Streptophyta;Magnoliopsida;Asterales;Asteraceae;Artemisia;
P002_WH07	Eukaryota;Streptophyta;Magnoliopsida;Caryophyllales;Caryophyllaceae;Cerastium;
P002_WH08	Eukaryota;Streptophyta;Magnoliopsida;Poales;Cyperaceae;Carex;
P002_WH09	Eukaryota;Streptophyta;Magnoliopsida;Ericales;Ericaceae;Rhododendron;
P002_WH10	Eukaryota;Streptophyta;Magnoliopsida;Poales;Poaceae;Arctagrostis;
P002_WH11	Eukaryota;Streptophyta;Magnoliopsida;Brassicales;Brassicaceae;Draba;
P002_WH12	Eukaryota;Streptophyta;Magnoliopsida;Lamiales;Orobanchaceae;Pedicularis;
P003_WA01	Eukaryota;Streptophyta;Magnoliopsida;Rosales;Rosaceae;Potentilla;
P003_WA02	Eukaryota;Streptophyta;Magnoliopsida;Poales;Poaceae;Poa;
P003_WA03	Eukaryota;Streptophyta;Magnoliopsida;Caryophyllales;Polygonaceae;Bistorta;
P003_WA04	Eukaryota;Streptophyta;Magnoliopsida;Saxifragales;Crassulaceae;Sedum;
P003_WA05	Eukaryota;Streptophyta;Magnoliopsida;Ranunculales;Papaveraceae;Papaver;
P003_WA06	Eukaryota;Streptophyta;Magnoliopsida;Poales;Poaceae;Festuca;
P003_WA07	Eukaryota;Streptophyta;Magnoliopsida;Poales;Cyperaceae;Carex;
P003_WA08	Eukaryota;Streptophyta;Magnoliopsida;Asterales;Asteraceae;Senecio;
P003_WA09	Eukaryota;Streptophyta;Magnoliopsida;Caryophyllales;Caryophyllaceae;Cerastium;
P003_WA10	Eukaryota;Streptophyta;Magnoliopsida;Gentianales;Gentianaceae;Gentiana;
P003_WA11	Eukaryota;Streptophyta;Magnoliopsida;Ericales;Primulaceae;Soldanella;
P003_WA12	Eukaryota;Streptophyta;Magnoliopsida;Poales;Poaceae;Festuca;
P003_WB01	Eukaryota;Streptophyta;Magnoliopsida;Asterales;Asteraceae;Solidago;
P003_WB02	Eukaryota;Streptophyta;Magnoliopsida;Gentianales;Rubiaceae;Galium;
P003_WB03	Eukaryota;Streptophyta;Polypodiopsida;Equisetales;Equisetaceae;Equisetum;
P003_WB04	Eukaryota;Streptophyta;Magnoliopsida;Poales;Cyperaceae;Eriophorum;
P003_WB05	Eukaryota;Streptophyta;Magnoliopsida;Saxifragales;Saxifragaceae;Saxifraga;
P003_WB06	Eukaryota;Streptophyta;Magnoliopsida;Caryophyllales;Caryophyllaceae;Silene;
P003_WB07	Eukaryota;Streptophyta;Magnoliopsida;Ericales;Ericaceae;Vaccinium;
P003_WB08	Eukaryota;Streptophyta;Magnoliopsida;Asterales;Asteraceae;Antennaria;
P003_WB09	Eukaryota;Streptophyta;Magnoliopsida;Poales;Cyperaceae;Eriophorum;
P003_WB10	Eukaryota;Streptophyta;Magnoliopsida;Fabales;Fabaceae;Hedysarum;
P003_WB11	Eukaryota;Streptophyta;Magnoliopsida;Apiales;Apiaceae;Ligusticum;
P003_WB12	Eukaryota;Streptophyta;Magnoliopsida;Saxifragales;Crassulaceae;Sedum;
P003_WC01	Eukaryota;Streptophyta;Magnoliopsida;Caryophyllales;Polygonaceae;Bistorta;
P003_WC02	Eukaryota;Streptophyta;Magnoliopsida;Ericales;Ericaceae;Rhododendron;
P003_WC03	Eukaryota;Streptophyta;Magnoliopsida;Ranunculales;Ranunculaceae;Trollius;
P003_WC04	Eukaryota;Streptophyta;Magnoliopsida;Poales;Cyperaceae;Carex;
P003_WC05	Eukaryota;Streptophyta;Magnoliopsida;Malpighiales;Salicaceae;Salix;
P003_WC06	Eukaryota;Streptophyta;Magnoliopsida;Ericales;Primulaceae;Primula;
P003_WC07	Eukaryota;Streptophyta;Magnoliopsida;Poales;Juncaceae;Luzula;
P003_WC08	Eukaryota;Streptophyta;Magnoliopsida;Poales;Poaceae;Poa;
P003_WC09	Eukaryota;Streptophyta;Magnoliopsida;Poales;Cyperaceae;Carex;
P003_WC10	Eukaryota;Streptophyta;Magnoliopsida;Asterales;Asteraceae;Leucanthemum;
P003_WC11	Eukaryota;Streptophyta;Magnoliopsida;Asterales;Asteraceae;Achillea;
P003_WC12	Eukaryota;Streptophyta;Magnoliopsida;Poales;Juncaceae;Luzula;
P003_WD01	Eukaryota;Streptophyta;Magnoliopsida;Ericales;Ericaceae;Rhododendron;
P003_WD02	Eukaryota;Streptophyta;Magnoliopsida;Brassicales;Brassicaceae;Draba;
P003_WD03	Eukaryota;Streptophyta;Magnoliopsida;Lamiales;Lentibulariaceae;Pinguicula;
P003_WD04	Eukaryota;Streptophyta;Magnoliopsida;Fabales;Fabaceae;Trifolium;
P003_WD05	Eukaryota;Streptophyta;Magnoliopsida;Brassicales;Brassicaceae;Draba;
P003_WD06	Eukaryota;Streptophyta;Magnoliopsida;Ranunculales;Ranunculaceae;Ranunculus;
P003_WD07	Eukaryota;Streptophyta;Magnoliopsida;Brassicales;Brassicaceae;Cochlearia;
P003_WD08	Eukaryota;Streptophyta;Magnoliopsida;Caryophyllales;Caryophyllaceae;Stellaria;
P003_WD09	Eukaryota;Streptophyta;Magnoliopsida;Malpighiales;Salicaceae;Salix;
P003_WD10	Eukaryota;Streptophyta;Magnoliopsida;Caryophyllales;Caryophyllaceae;Sagina;
P003_WD11	Eukaryota;Streptophyta;Magnoliopsida;Ericales;Primulaceae;Androsace;
P003_WD12	Eukaryota;Streptophyta;Magnoliopsida;Lamiales;Plantaginaceae;Veronica;
P003_WE01	Eukaryota;Streptophyta;Magnoliopsida;Lamiales;Orobanchaceae;Pedicularis;
P003_WE02	Eukaryota;Streptophyta;Magnoliopsida;Poales;Poaceae;Festuca;
P003_WE03	Eukaryota;Streptophyta;Polypodiopsida;Equisetales;Equisetaceae;Equisetum;
P003_WE04	Eukaryota;Streptophyta;Magnoliopsida;Poales;Poaceae;Agrostis;
P003_WE05	Eukaryota;Streptophyta;Magnoliopsida;Asterales;Asteraceae;Taraxacum;
P003_WE06	Eukaryota;Streptophyta;Lycopodiopsida;Lycopodiales;Lycopodiaceae;Diphasiastrum;
P003_WE07	Eukaryota;Streptophyta;Magnoliopsida;Poales;Cyperaceae;Eriophorum;
P003_WE08	Eukaryota;Streptophyta;Magnoliopsida;Lamiales;Plantaginaceae;Veronica;
P003_WE09	Eukaryota;Streptophyta;Magnoliopsida;Malpighiales;Salicaceae;Salix;
P003_WE10	Eukaryota;Streptophyta;Magnoliopsida;Lamiales;Orobanchaceae;Pedicularis;
P003_WE11	Eukaryota;Streptophyta;Magnoliopsida;Poales;Cyperaceae;Carex;
P003_WE12	Eukaryota;Streptophyta;Magnoliopsida;Caryophyllales;Caryophyllaceae;Dianthus;
P003_WF01	Eukaryota;Streptophyta;Magnoliopsida;Myrtales;Onagraceae;Epilobium;
P003_WF02	Eukaryota;Streptophyta;Magnoliopsida;Rosales;Rosaceae;Dryas;
P003_WF03	Eukaryota;Streptophyta;Magnoliopsida;Poales;Cyperaceae;Carex;
P003_WF04	Eukaryota;Streptophyta;Magnoliopsida;Brassicales;Brassicaceae;Cardamine;
P003_WF05	Eukaryota;Streptophyta;Magnoliopsida;Lamiales;Orobanchaceae;Euphrasia;
P003_WF06	Eukaryota;Streptophyta;Magnoliopsida;Asterales;Asteraceae;Solidago;
P003_WF07	Eukaryota;Streptophyta;Magnoliopsida;Caryophyllales;Caryophyllaceae;Silene;
P003_WF08	Eukaryota;Streptophyta;Magnoliopsida;Malpighiales;Salicaceae;Salix;
P003_WF09	Eukaryota;Streptophyta;Magnoliopsida;Gentianales;Gentianaceae;Gentiana;
P003_WF10	Eukaryota;Streptophyta;Magnoliopsida;Caryophyllales;Caryophyllaceae;Minuartia;
P003_WF11	Eukaryota;Streptophyta;Magnoliopsida;Ranunculales;Ranunculaceae;Ranunculus;
P003_WF12	Eukaryota;Streptophyta;Magnoliopsida;Poales;Poaceae;Festuca;
P003_WG01	Eukaryota;Streptophyta;Magnoliopsida;Ranunculales;Ranunculaceae;Aconitum;
P003_WG02	Eukaryota;Streptophyta;Magnoliopsida;Poales;Cyperaceae;Carex;
P003_WG03	Eukaryota;Streptophyta;Magnoliopsida;Ericales;Primulaceae;Soldanella;
P003_WG04	Eukaryota;Streptophyta;Magnoliopsida;Brassicales;Brassicaceae;Cardamine;
P003_WG05	Eukaryota;Streptophyta;Magnoliopsida;Asterales;Asteraceae;Leucanthemopsis;
P003_WG06	Eukaryota;Streptophyta;Magnoliopsida;Lamiales;Lentibulariaceae;Pinguicula;
P003_WG07	Eukaryota;Streptophyta;Magnoliopsida;Lamiales;Orobanchaceae;Pedicularis;
P003_WG08	Eukaryota;Streptophyta;Magnoliopsida;Brassicales;Brassicaceae;Draba;
P003_WG09	Eukaryota;Streptophyta;Magnoliopsida;Poales;Poaceae;Sesleria;
P003_WG10	Eukaryota;Streptophyta;Magnoliopsida;Poales;Juncaceae;Juncus;
P003_WG11	Eukaryota;Streptophyta;Magnoliopsida;Asterales;Asteraceae;Cirsium;
P003_WG12	Eukaryota;Streptophyta;Magnoliopsida;Poales;Cyperaceae;Carex;
P003_WH01	Eukaryota;Streptophyta;Magnoliopsida;Lamiales;Orobanchaceae;Pedicularis;
P003_WH02	Eukaryota;Streptophyta;Magnoliopsida;Lamiales;Orobanchaceae;Bartsia;
P003_WH03	Eukaryota;Streptophyta;Magnoliopsida;Ericales;Primulaceae;Primula;
P003_WH04	Eukaryota;Streptophyta;Magnoliopsida;Poales;Cyperaceae;Carex;
P003_WH05	Eukaryota;Streptophyta;Magnoliopsida;Asterales;Campanulaceae;Campanula;
P003_WH06	Eukaryota;Streptophyta;Magnoliopsida;Saxifragales;Saxifragaceae;Saxifraga;
P003_WH07	Eukaryota;Streptophyta;Magnoliopsida;Ranunculales;Ranunculaceae;Ranunculus;
P003_WH08	Eukaryota;Streptophyta;Magnoliopsida;Ranunculales;Papaveraceae;Papaver;
P003_WH09	Eukaryota;Streptophyta;Magnoliopsida;Saxifragales;Saxifragaceae;Saxifraga;
P003_WH10	Eukaryota;Streptophyta;Magnoliopsida;Brassicales;Brassicaceae;Arabis;
P003_WH11	Eukaryota;Streptophyta;Magnoliopsida;Asterales;Asteraceae;Aster;
P003_WH12	Eukaryota;Streptophyta;Magnoliopsida;Poales;Cyperaceae;Carex;
P004_WA01	Eukaryota;Streptophyta;Magnoliopsida;Poales;Cyperaceae;Carex;
P004_WA02	Eukaryota;Streptophyta;Magnoliopsida;Ericales;Primulaceae;Primula;
P004_WB01	Eukaryota;Streptophyta;Magnoliopsida;Poales;Poaceae;Alopecurus;
P004_WB02	Eukaryota;Streptophyta;Magnoliopsida;Ericales;Ericaceae;Pieris;
P004_WC01	Eukaryota;Streptophyta;Magnoliopsida;Poales;Poaceae;Hierochloe;
P004_WC02	Eukaryota;Streptophyta;Magnoliopsida;Caryophyllales;Polygonaceae;Polygonum;
P004_WD01	Eukaryota;Streptophyta;Magnoliopsida;Poales;Poaceae;Festuca;
P004_WD02	Eukaryota;Streptophyta;Magnoliopsida;Asterales;Asteraceae;Antennaria;
P004_WE01	Eukaryota;Streptophyta;Pinopsida;Pinales;Pinaceae;Pinus;
P004_WF01	Eukaryota;Streptophyta;Pinopsida;Cupressales;Cupressaceae;Juniperus;
P004_WG01	Eukaryota;Streptophyta;Magnoliopsida;Rosales;Rosaceae;Sieversia;
P004_WH01	Eukaryota;Streptophyta;Magnoliopsida;Caryophyllales;Caryophyllaceae;Minuartia;
WA01	Eukaryota;Streptophyta;Magnoliopsida;Rosales;Rosaceae;Potentilla;
WA02	Eukaryota;Streptophyta;Magnoliopsida;Malpighiales;Salicaceae;Salix;
WA03	Eukaryota;Streptophyta;Magnoliopsida;Poales;Poaceae;Calamagrostis;
WA04	Eukaryota;Streptophyta;Magnoliopsida;Ericales;Ericaceae;Pyrola;
WA05	Eukaryota;Streptophyta;Magnoliopsida;Lamiales;Lentibulariaceae;Pinguicula;
WA06	Eukaryota;Streptophyta;Magnoliopsida;Caryophyllales;Caryophyllaceae;Cerastium;
WA07	Eukaryota;Streptophyta;Magnoliopsida;Saxifragales;Saxifragaceae;Saxifraga;
WA08	Eukaryota;Streptophyta;Magnoliopsida;Ericales;Ericaceae;Phyllodoce;
WA09	Eukaryota;Streptophyta;Magnoliopsida;Ericales;Ericaceae;Empetrum;
WA10	Eukaryota;Streptophyta;Magnoliopsida;Poales;Juncaceae;Luzula;
WA11	Eukaryota;Streptophyta;Magnoliopsida;Poales;Cyperaceae;Carex;
WA12	Eukaryota;Streptophyta;Magnoliopsida;Caryophyllales;Polygonaceae;Oxyria;
WB01	Eukaryota;Streptophyta;Magnoliopsida;Poales;Cyperaceae;Carex;
WB02	Eukaryota;Streptophyta;Magnoliopsida;Geraniales;Geraniaceae;Geranium;
WB03	Eukaryota;Streptophyta;Magnoliopsida;Asterales;Campanulaceae;Campanula;
WB04	Eukaryota;Streptophyta;Polypodiopsida;Equisetales;Equisetaceae;Equisetum;
WB05	Eukaryota;Streptophyta;Magnoliopsida;Asterales;Asteraceae;Petasites;
WB06	Eukaryota;Streptophyta;Magnoliopsida;Poales;Poaceae;Poa;
WB07	Eukaryota;Streptophyta;Magnoliopsida;Caryophyllales;Polygonaceae;Rumex;
WB08	Eukaryota;Streptophyta;Magnoliopsida;Ericales;Primulaceae;Trientalis;
WB09	Eukaryota;Streptophyta;Magnoliopsida;Saxifragales;Saxifragaceae;Saxifraga;
WB10	Eukaryota;Streptophyta;Magnoliopsida;Rosales;Rosaceae;Sibbaldia;
WB11	Eukaryota;Streptophyta;Magnoliopsida;Asterales;Asteraceae;Hieracium;
WB12	Eukaryota;Streptophyta;Magnoliopsida;Asterales;Asteraceae;Taraxacum;
WC01	Eukaryota;Streptophyta;Magnoliopsida;Poales;Cyperaceae;Carex;
WC02	Eukaryota;Streptophyta;Magnoliopsida;Ericales;Ericaceae;Arctous;
WC03	Eukaryota;Streptophyta;Magnoliopsida;Ericales;Ericaceae;Pyrola;
WC04	Eukaryota;Streptophyta;Magnoliopsida;Poales;Poaceae;Agrostis;
WC05	Eukaryota;Streptophyta;Magnoliopsida;Poales;Cyperaceae;Carex;
WC06	Eukaryota;Streptophyta;Magnoliopsida;Ericales;Ericaceae;Vaccinium;
P8807_501	Eukaryota;Streptophyta;Magnoliopsida;Ericales;Ericaceae;Andromeda;
P8807_502	Eukaryota;Streptophyta;Lycopodiopsida;Lycopodiales;Lycopodiaceae;Huperzia;
P8807_503	Eukaryota;Streptophyta;Magnoliopsida;Ericales;Ericaceae;Pyrola;
P8807_504	Eukaryota;Streptophyta;Magnoliopsida;Malpighiales;Salicaceae;Salix;
P8807_505	Eukaryota;Streptophyta;Magnoliopsida;Poales;Cyperaceae;Carex;
P8807_506	Eukaryota;Streptophyta;Magnoliopsida;Poales;Poaceae;Festuca;
P8807_507	Eukaryota;Streptophyta;Magnoliopsida;Saxifragales;Crassulaceae;Rhodiola;
P8807_508	Eukaryota;Streptophyta;Magnoliopsida;Asterales;Asteraceae;Hieracium;
P8807_509	Eukaryota;Streptophyta;Magnoliopsida;Lamiales;Orobanchaceae;Pedicularis;
P8807_510	Eukaryota;Streptophyta;Magnoliopsida;Malpighiales;Violaceae;Viola;
P8807_511	Eukaryota;Streptophyta;Magnoliopsida;Poales;Poaceae;Poa;
P8807_512	Eukaryota;Streptophyta;Magnoliopsida;Poales;Cyperaceae;Carex;
P8807_513	Eukaryota;Streptophyta;Magnoliopsida;Poales;Juncaceae;Luzula;
P8807_514	Eukaryota;Streptophyta;Magnoliopsida;Ericales;Ericaceae;Harrimanella;
P8807_515	Eukaryota;Streptophyta;Magnoliopsida;Asterales;Asteraceae;Saussurea;
P8807_516	Eukaryota;Streptophyta;Magnoliopsida;Caryophyllales;Caryophyllaceae;Cerastium;
P8807_517	Eukaryota;Streptophyta;Magnoliopsida;Ericales;Ericaceae;Vaccinium;
P8807_518	Eukaryota;Streptophyta;Magnoliopsida;Poales;Cyperaceae;Carex;
P8807_519	Eukaryota;Streptophyta;Magnoliopsida;Malpighiales;Salicaceae;Salix;
P8807_520	Eukaryota;Streptophyta;Magnoliopsida;Poales;Juncaceae;Juncus;
P8807_521	Eukaryota;Streptophyta;Magnoliopsida;Ericales;Ericaceae;Vaccinium;
P8807_522	Eukaryota;Streptophyta;Magnoliopsida;Rosales;Rosaceae;Dryas;
P8807_523	Eukaryota;Streptophyta;Magnoliopsida;Malpighiales;Salicaceae;Salix;
P8807_524	Eukaryota;Streptophyta;Magnoliopsida;Lamiales;Orobanchaceae;Pedicularis;
P8807_525	Eukaryota;Streptophyta;Magnoliopsida;Rosales;Rosaceae;Rubus;
P8807_526	Eukaryota;Streptophyta;Polypodiopsida;Equisetales;Equisetaceae;Equisetum;
P8807_527	Eukaryota;Streptophyta;Magnoliopsida;Fabales;Fabaceae;Astragalus;
P8807_528	Eukaryota;Streptophyta;Magnoliopsida;Ericales;Diapensiaceae;Diapensia;
P8807_529	Eukaryota;Streptophyta;Magnoliopsida;Poales;Cyperaceae;Carex;
P8807_530	Eukaryota;Streptophyta;Magnoliopsida;Poales;Cyperaceae;Carex;
