P001_WA01	Eukaryota;Streptophyta;Magnoliopsida;Saxifragales;Saxifragaceae;Saxifraga;Saxifraga_oppositifolia
P001_WA02	Eukaryota;Streptophyta;Magnoliopsida;Lamiales;Orobanchaceae;Euphrasia;Euphrasia_frigida
P001_WA03	Eukaryota;Streptophyta;Magnoliopsida;Poales;Cyperaceae;Carex;Carex_atrata
P001_WA04	Eukaryota;Streptophyta;Magnoliopsida;Malpighiales;Salicaceae;Salix;Salix_glauca
P001_WA05	Eukaryota;Streptophyta;Magnoliopsida;Poales;Poaceae;Festuca;Festuca_ovina
P001_WA06	Eukaryota;Streptophyta;Magnoliopsida;Poales;Cyperaceae;Carex;Carex_atrofusca
P001_WA07	Eukaryota;Streptophyta;Magnoliopsida;Asterales;Asteraceae;Omalotheca;Omalotheca_supina
P001_WA08	Eukaryota;Streptophyta;Magnoliopsida;Poales;Cyperaceae;Carex;Carex_umbrosa
P001_WA09	Eukaryota;Streptophyta;Polypodiopsida;Ophioglossales;Ophioglossaceae;Botrychium;Botrychium_lunaria
P001_WA10	Eukaryota;Streptophyta;Magnoliopsida;Gentianales;Rubiaceae;Cruciata;Cruciata_laevipes
P001_WA11	Eukaryota;Streptophyta;Magnoliopsida;Asterales;Campanulaceae;Campanula;Campanula_collina
P001_WA12	Eukaryota;Streptophyta;Magnoliopsida;Asterales;Asteraceae;Matricaria;Matricaria_caucasica
P001_WB01	Eukaryota;Streptophyta;Magnoliopsida;Brassicales;Brassicaceae;Arabis;Arabis_alpina
P001_WB02	Eukaryota;Streptophyta;Magnoliopsida;Malpighiales;Salicaceae;Salix;Salix_reticulata
P001_WB03	Eukaryota;Streptophyta;Magnoliopsida;Poales;Cyperaceae;Eriophorum;Eriophorum_vaginatum
P001_WB04	Eukaryota;Streptophyta;Pinopsida;Cupressales;Cupressaceae;Juniperus;Juniperus_communis
P001_WB05	Eukaryota;Streptophyta;Magnoliopsida;Poales;Poaceae;Anthoxanthum;Anthoxanthum_odoratum
P001_WB06	Eukaryota;Streptophyta;Magnoliopsida;Gentianales;Gentianaceae;Comastoma;Comastoma_tenellum
P001_WB07	Eukaryota;Streptophyta;Magnoliopsida;Fabales;Fabaceae;Oxytropis;Oxytropis_lapponica
P001_WB08	Eukaryota;Streptophyta;Magnoliopsida;Poales;Poaceae;Bromus;Bromus_variegatus
P001_WB09	Eukaryota;Streptophyta;Magnoliopsida;Asterales;Asteraceae;Leontodon;Leontodon_hispidus
P001_WB10	Eukaryota;Streptophyta;Magnoliopsida;Poales;Poaceae;Nardus;Nardus_stricta
P001_WB11	Eukaryota;Streptophyta;Magnoliopsida;Asterales;Campanulaceae;Campanula;Campanula_tridentata
P001_WB12	Eukaryota;Streptophyta;Magnoliopsida;Asterales;Asteraceae;Gnaphalium;Gnaphalium_supinum
P001_WC01	Eukaryota;Streptophyta;Magnoliopsida;Ranunculales;Ranunculaceae;Ranunculus;Ranunculus_acris
P001_WC02	Eukaryota;Streptophyta;Magnoliopsida;Poales;Poaceae;Deschampsia;Deschampsia_flexuosa
P001_WC03	Eukaryota;Streptophyta;Magnoliopsida;Asterales;Asteraceae;Erigeron;Erigeron_uniflorus
P001_WC04	Eukaryota;Streptophyta;Magnoliopsida;Fagales;Betulaceae;Betula;Betula_nana
P001_WC05	Eukaryota;Streptophyta;Magnoliopsida;Ericales;Ericaceae;Arctostaphylos;Arctostaphylos_uva-ursi
P001_WC06	Eukaryota;Streptophyta;Magnoliopsida;Gentianales;Gentianaceae;Gentiana;Gentiana_nivalis
P001_WC07	Eukaryota;Streptophyta;Magnoliopsida;Asterales;Asteraceae;Leontodon;Leontodon_autumnalis
P001_WC08	Eukaryota;Streptophyta;Magnoliopsida;Apiales;Apiaceae;Bupleurum;Bupleurum_falcatum
P001_WC09	Eukaryota;Streptophyta;Magnoliopsida;Lamiales;Lamiaceae;Betonica;Betonica_macrantha
P001_WC10	Eukaryota;Streptophyta;Magnoliopsida;Apiales;Apiaceae;Carum;Carum_caucasicum
P001_WC11	Eukaryota;Streptophyta;Magnoliopsida;Caryophyllales;Polygonaceae;Rumex;Rumex_alpestris
P001_WC12	Eukaryota;Streptophyta;Magnoliopsida;Poales;Cyperaceae;Carex;Carex_oreophila
P001_WD01	Eukaryota;Streptophyta;Magnoliopsida;Poales;Poaceae;Poa;Poa_alpina
P001_WD02	Eukaryota;Streptophyta;Magnoliopsida;Saxifragales;Saxifragaceae;Saxifraga;Saxifraga_nivalis
P001_WD03	Eukaryota;Streptophyta;Magnoliopsida;Poales;Poaceae;Calamagrostis;Calamagrostis_stricta
P001_WD04	Eukaryota;Streptophyta;Magnoliopsida;Ericales;Ericaceae;Cassiope;Cassiope_tetragona
P001_WD05	Eukaryota;Streptophyta;Magnoliopsida;Poales;Poaceae;Avenella;Avenella_flexuosa
P001_WD06	Eukaryota;Streptophyta;Magnoliopsida;Asterales;Campanulaceae;Campanula;Campanula_rotundifolia
P001_WD07	Eukaryota;Streptophyta;Magnoliopsida;Caryophyllales;Caryophyllaceae;Silene;Silene_wahlbergi
P001_WD08	Eukaryota;Streptophyta;Magnoliopsida;Caryophyllales;Caryophyllaceae;Cerastium;Cerastium_purpurascens
P001_WD09	Eukaryota;Streptophyta;Magnoliopsida;Gentianales;Gentianaceae;Gentiana;Gentiana_septemfida
P001_WD10	Eukaryota;Streptophyta;Magnoliopsida;Boraginales;Boraginaceae;Myosotis;Myosotis_alpestris
P001_WD11	Eukaryota;Streptophyta;Magnoliopsida;Saxifragales;Crassulaceae;Sedum;Sedum_tenellum
P001_WD12	Eukaryota;Streptophyta;Magnoliopsida;Asterales;Asteraceae;Taraxacum;Taraxacum_stevenii
P001_WE01	Eukaryota;Streptophyta;Magnoliopsida;Caryophyllales;Caryophyllaceae;Minuartia;Minuartia_biflora
P001_WE02	Eukaryota;Streptophyta;Magnoliopsida;Poales;Cyperaceae;Kobresia;Kobresia_myosuroides
P001_WE03	Eukaryota;Streptophyta;Magnoliopsida;Ranunculales;Ranunculaceae;Ranunculus;Ranunculus_nivalis
P001_WE04	Eukaryota;Streptophyta;Magnoliopsida;Alismatales;Tofieldiaceae;Tofieldia;Tofieldia_pusilla
P001_WE05	Eukaryota;Streptophyta;Magnoliopsida;Ericales;Ericaceae;Kalmia;Kalmia_procumbens
P001_WE06	Eukaryota;Streptophyta;Magnoliopsida;Poales;Poaceae;Phleum;Phleum_alpinum
P001_WE07	Eukaryota;Streptophyta;Magnoliopsida;Poales;Juncaceae;Luzula;Luzula_confusa
P001_WE08	Eukaryota;Streptophyta;Magnoliopsida;Dipsacales;Caprifoliaceae;Scabiosa;Scabiosa_caucasica
P001_WE09	Eukaryota;Streptophyta;Magnoliopsida;Asterales;Asteraceae;Psephellus;Aetheopappus_caucasicus_Psephellus
P001_WE10	Eukaryota;Streptophyta;Magnoliopsida;Asterales;Asteraceae;Taraxacum;Taraxacum_confusum
P001_WE11	Eukaryota;Streptophyta;Magnoliopsida;Poales;Poaceae;Festuca;Festuca_brunnescens
P001_WE12	Eukaryota;Streptophyta;Magnoliopsida;Poales;Cyperaceae;Carex;Carex_pyrenaica
P001_WF01	Eukaryota;Streptophyta;Polypodiopsida;Equisetales;Equisetaceae;Equisetum;Equisetum_arvense
P001_WF02	Eukaryota;Streptophyta;Magnoliopsida;Poales;Cyperaceae;Carex;Carex_saxatilis
P001_WF03	Eukaryota;Streptophyta;Magnoliopsida;Caryophyllales;Caryophyllaceae;Cerastium;Cerastium_nigrescens
P001_WF04	Eukaryota;Streptophyta;Magnoliopsida;Caryophyllales;Caryophyllaceae;Silene;Silene_acaulis
P001_WF05	Eukaryota;Streptophyta;Magnoliopsida;Asterales;Asteraceae;Antennaria;Antennaria_dioica
P001_WF06	Eukaryota;Streptophyta;Magnoliopsida;Lamiales;Orobanchaceae;Euphrasia;Euphrasia_wettsteinii
P001_WF07	Eukaryota;Streptophyta;Magnoliopsida;Poales;Poaceae;Festuca;Festuca_rubra
P001_WF08	Eukaryota;Streptophyta;Magnoliopsida;Asparagales;Orchidaceae;Coeloglossum;Coeloglossum_viride
P001_WF09	Eukaryota;Streptophyta;Magnoliopsida;Gentianales;Gentianaceae;Gentiana;Gentiana_verna
P001_WF10	Eukaryota;Streptophyta;Magnoliopsida;Fabales;Fabaceae;Anthyllis;Anthyllis_vulneraria
P001_WF11	Eukaryota;Streptophyta;Magnoliopsida;Apiales;Apiaceae;Seseli;Seseli_alpinum
P001_WF12	Eukaryota;Streptophyta;Magnoliopsida;Geraniales;Geraniaceae;Geranium;Geranium_gymnocaulon
P001_WG01	Eukaryota;Streptophyta;Magnoliopsida;Ranunculales;Ranunculaceae;Thalictrum;Thalictrum_alpinum
P001_WG02	Eukaryota;Streptophyta;Magnoliopsida;Poales;Cyperaceae;Carex;Carex_parallela
P001_WG03	Eukaryota;Streptophyta;Lycopodiopsida;Selaginellales;Selaginellaceae;Selaginella;Selaginella_selaginoides
P001_WG04	Eukaryota;Streptophyta;Magnoliopsida;Poales;Cyperaceae;Carex;Carex_vaginata
P001_WG05	Eukaryota;Streptophyta;Magnoliopsida;Caryophyllales;Caryophyllaceae;Viscaria;Viscaria_alpina
P001_WG06	Eukaryota;Streptophyta;Magnoliopsida;Saxifragales;Saxifragaceae;Saxifraga;Saxifraga_cespitosa
P001_WG07	Eukaryota;Streptophyta;Magnoliopsida;Gentianales;Gentianaceae;Gentianella;Gentianella_campestris
P001_WG08	Eukaryota;Streptophyta;Magnoliopsida;Asterales;Asteraceae;Anthemis;Anthemis_marschalliana
P001_WG09	Eukaryota;Streptophyta;Magnoliopsida;Gentianales;Gentianaceae;Gentiana;Gentiana_pyrenaica
P001_WG10	Eukaryota;Streptophyta;Magnoliopsida;Asterales;Asteraceae;Taraxacum;Taraxacum_porphyranthum
P001_WG11	Eukaryota;Streptophyta;Magnoliopsida;Liliales;Liliaceae;Gagea;Gagea_fistulosa
P001_WG12	Eukaryota;Streptophyta;Magnoliopsida;Poales;Poaceae;Catabrosella;Catabrosella_variegata
P001_WH01	Eukaryota;Streptophyta;Magnoliopsida;Celastrales;Celastraceae;Parnassia;Parnassia_palustris
P001_WH02	Eukaryota;Streptophyta;Magnoliopsida;Malpighiales;Salicaceae;Salix;Salix_hastata
P001_WH03	Eukaryota;Streptophyta;Magnoliopsida;Poales;Cyperaceae;Eriophorum;Eriophorum_angustifolium
P001_WH04	Eukaryota;Streptophyta;Magnoliopsida;Saxifragales;Saxifragaceae;Saxifraga;Saxifraga_aizoides
P001_WH05	Eukaryota;Streptophyta;Magnoliopsida;Lamiales;Plantaginaceae;Veronica;Veronica_alpina
P001_WH06	Eukaryota;Streptophyta;Magnoliopsida;Poales;Poaceae;Trisetum;Trisetum_spicatum
P001_WH07	Eukaryota;Streptophyta;Magnoliopsida;Asterales;Asteraceae;Scorzonera;Scorzonera_cana
P001_WH08	Eukaryota;Streptophyta;Magnoliopsida;Asterales;Asteraceae;Anthemis;Anthemis_cretica
P001_WH09	Eukaryota;Streptophyta;Magnoliopsida;Ericales;Primulaceae;Primula;Primula_ruprechtii
P001_WH10	Eukaryota;Streptophyta;Magnoliopsida;Malpighiales;Hypericaceae;Hypericum;Hypericum_linarioides
P001_WH11	Eukaryota;Streptophyta;Magnoliopsida;Asterales;Asteraceae;Erigeron;Erigeron_caucasicus
P001_WH12	Eukaryota;Streptophyta;Magnoliopsida;Asterales;Asteraceae;Hieracium;Hieracium_prenanthoides
P002_WA01	Eukaryota;Streptophyta;Magnoliopsida;Poales;Poaceae;Hyalopoa;Hyalopoa_pontica
P002_WA02	Eukaryota;Streptophyta;Magnoliopsida;Fabales;Fabaceae;Trifolium;Trifolium_polyphyllum
P002_WA03	Eukaryota;Streptophyta;Magnoliopsida;Poales;Poaceae;Festuca;Festuca_varia
P002_WA04	Eukaryota;Streptophyta;Magnoliopsida;Apiales;Apiaceae;Carum;Carum_meifolium
P002_WA05	Eukaryota;Streptophyta;Magnoliopsida;Gentianales;Gentianaceae;Gentiana;Gentiana_nipponica
P002_WA06	Eukaryota;Streptophyta;Magnoliopsida;Apiales;Apiaceae;Peucedanum;Peucedanum_multivittatum
P002_WA07	Eukaryota;Streptophyta;Magnoliopsida;Ericales;Ericaceae;Harrimanella;Harrimanella_stelleriana
P002_WA08	Eukaryota;Streptophyta;Magnoliopsida;Poales;Poaceae;Poa;Poa_pratensis
P002_WA09	Eukaryota;Streptophyta;Magnoliopsida;Rosales;Rosaceae;Dryas;Dryas_integrifolia
P002_WA10	Eukaryota;Streptophyta;Magnoliopsida;Ericales;Ericaceae;Rhododendron;Rhododendron_tomentosum
P002_WA11	Eukaryota;Streptophyta;Magnoliopsida;Poales;Poaceae;Calamagrostis;Calamagrostis_holmii
P002_WA12	Eukaryota;Streptophyta;Magnoliopsida;Saxifragales;Saxifragaceae;Saxifraga;Saxifraga_hirculus
P002_WB01	Eukaryota;Streptophyta;Magnoliopsida;Apiales;Apiaceae;Chaerophyllum;Chaerophyllum_roseum
P002_WB02	Eukaryota;Streptophyta;Magnoliopsida;Ericales;Primulaceae;Primula;Primula_algida
P002_WB03	Eukaryota;Streptophyta;Magnoliopsida;Caryophyllales;Caryophyllaceae;Arenaria;Arenaria_lychnidea_Eremogone
P002_WB04	Eukaryota;Streptophyta;Magnoliopsida;Poales;Poaceae;Helictotrichon;Helictotrichon_versicolor
P002_WB05	Eukaryota;Streptophyta;Magnoliopsida;Lamiales;Orobanchaceae;Pedicularis;Pedicularis_chamissonis
P002_WB06	Eukaryota;Streptophyta;Magnoliopsida;Rosales;Rosaceae;Potentilla;Potentilla_matsumurae
P002_WB07	Eukaryota;Streptophyta;Magnoliopsida;Ericales;Ericaceae;Bryanthus;Bryanthus_gmelinii_musciformis
P002_WB08	Eukaryota;Streptophyta;Magnoliopsida;Poales;Poaceae;Poa;Poa_alpigena
P002_WB09	Eukaryota;Streptophyta;Magnoliopsida;Malpighiales;Salicaceae;Salix;Salix_myrsinites
P002_WB10	Eukaryota;Streptophyta;Magnoliopsida;Caryophyllales;Caryophyllaceae;Stellaria;Stellaria_longipes
P002_WB11	Eukaryota;Streptophyta;Magnoliopsida;Lamiales;Orobanchaceae;Pedicularis;Pedicularis_sudetica
P002_WB12	Eukaryota;Streptophyta;Magnoliopsida;Saxifragales;Saxifragaceae;Chrysosplenium;Chrysosplenium_tetrandrum
P002_WC01	Eukaryota;Streptophyta;Magnoliopsida;Rosales;Rosaceae;Potentilla;Potentilla_verna_mixed_179
P002_WC02	Eukaryota;Streptophyta;Magnoliopsida;Fabales;Fabaceae;Oxytropis;Oxytropis_kubanensis
P002_WC03	Eukaryota;Streptophyta;Magnoliopsida;Lamiales;Orobanchaceae;Euphrasia;Euphrasia_ossica
P002_WC04	Eukaryota;Streptophyta;Magnoliopsida;Asterales;Asteraceae;Aster;Aster_alpinus
P002_WC05	Eukaryota;Streptophyta;Magnoliopsida;Apiales;Apiaceae;Tilingia;Tilingia_ajanensis
P002_WC06	Eukaryota;Streptophyta;Magnoliopsida;Poales;Juncaceae;Luzula;Luzula_oligantha
P002_WC07	Eukaryota;Streptophyta;Magnoliopsida;Ericales;Ericaceae;Rhododendron;Rhododendron_camtschaticum
P002_WC08	Eukaryota;Streptophyta;Magnoliopsida;Brassicales;Brassicaceae;Cardamine;Cardamine_polemonioides_pratensis
P002_WC09	Eukaryota;Streptophyta;Magnoliopsida;Fabales;Fabaceae;Astragalus;Astragalus_frigidus
P002_WC10	Eukaryota;Streptophyta;Magnoliopsida;Caryophyllales;Polygonaceae;Persicaria;Persicaria_vivipara
P002_WC11	Eukaryota;Streptophyta;Magnoliopsida;Caryophyllales;Caryophyllaceae;Minuartia;Minuartia_obtusiloba
P002_WC12	Eukaryota;Streptophyta;Magnoliopsida;Poales;Cyperaceae;Eriophorum;Eriophorum_russeolum
P002_WD01	Eukaryota;Streptophyta;Magnoliopsida;Lamiales;Orobanchaceae;Pedicularis;Pedicularis_condensata_mixed_178
P002_WD02	Eukaryota;Streptophyta;Magnoliopsida;Malpighiales;Violaceae;Viola;Viola_altaica
P002_WD03	Eukaryota;Streptophyta;Magnoliopsida;Asterales;Asteraceae;Erigeron;Erigeron_alpinus
P002_WD04	Eukaryota;Streptophyta;Magnoliopsida;Rosales;Rosaceae;Potentilla;Potentilla_gelida
P002_WD05	Eukaryota;Streptophyta;Magnoliopsida;Lamiales;Plantaginaceae;Pennellianthus;Pennellianthus_frutescens
P002_WD06	Eukaryota;Streptophyta;Magnoliopsida;Poales;Poaceae;Deschampsia;Deschampsia_caespitosa_cespitosa
P002_WD07	Eukaryota;Streptophyta;Magnoliopsida;Asterales;Asteraceae;Saussurea;Saussurea_yanagisawae
P002_WD08	Eukaryota;Streptophyta;Magnoliopsida;Fabales;Fabaceae;Oxytropis;Oxytropis_campestris
P002_WD09	Eukaryota;Streptophyta;Magnoliopsida;Caryophyllales;Plumbaginaceae;Armeria;Armeria_maritima
P002_WD10	Eukaryota;Streptophyta;Magnoliopsida;Malpighiales;Salicaceae;Salix;Salix_arctophyla
P002_WD11	Eukaryota;Streptophyta;Magnoliopsida;Poales;Poaceae;Hierochloe;Hierochloe_pauciflora
P002_WD12	Eukaryota;Streptophyta;Magnoliopsida;Caryophyllales;Polygonaceae;Rumex;Rumex_arcticus
P002_WE01	Eukaryota;Streptophyta;Magnoliopsida;Asterales;Asteraceae;Centaurea;Centaurea_cheiranthifolia
P002_WE02	Eukaryota;Streptophyta;Magnoliopsida;Lamiales;Plantaginaceae;Plantago;Plantago_atrata
P002_WE03	Eukaryota;Streptophyta;Magnoliopsida;Ranunculales;Ranunculaceae;Ranunculus;Ranunculus_oreophilus
P002_WE04	Eukaryota;Streptophyta;Magnoliopsida;Ranunculales;Ranunculaceae;Anemone;Anemone_speciosa_narcissiflora
P002_WE05	Eukaryota;Streptophyta;Magnoliopsida;Asterales;Campanulaceae;Campanula;Campanula_chamissonis
P002_WE06	Eukaryota;Streptophyta;Magnoliopsida;Dipsacales;Caprifoliaceae;Patrinia;Patrinia_sibirica
P002_WE07	Eukaryota;Streptophyta;Magnoliopsida;Rosales;Rosaceae;Spiraea;Spiraea_betulifolia
P002_WE08	Eukaryota;Streptophyta;Magnoliopsida;Poales;Poaceae;Alopecurus;Alopecurus_boreales_magellanicus_magellanicus
P002_WE09	Eukaryota;Streptophyta;Magnoliopsida;Fagales;Betulaceae;Betula;Betula_glandulosa
P002_WE10	Eukaryota;Streptophyta;Magnoliopsida;Saxifragales;Saxifragaceae;Saxifraga;Saxifraga_caespitosa
P002_WE11	Eukaryota;Streptophyta;Magnoliopsida;Poales;Poaceae;Alopecurus;Alopecurus_alpinus
P002_WE12	Eukaryota;Streptophyta;Magnoliopsida;Poales;Poaceae;Arctophila;Arctophila_fulva
P002_WF01	Eukaryota;Streptophyta;Magnoliopsida;Poales;Poaceae;Calamagrostis;Calamagrostis_arundinacea
P002_WF02	Eukaryota;Streptophyta;Magnoliopsida;Lamiales;Plantaginaceae;Veronica;Veronica_gentianoides
P002_WF03	Eukaryota;Streptophyta;Magnoliopsida;Caryophyllales;Caryophyllaceae;Minuartia;Minuartia_circassica
P002_WF04	Eukaryota;Streptophyta;Magnoliopsida;Lamiales;Orobanchaceae;Pedicularis;Pedicularis_comosa
P002_WF05	Eukaryota;Streptophyta;Magnoliopsida;Ericales;Ericaceae;Rhododendron;Ledum_palustre
P002_WF06	Eukaryota;Streptophyta;Magnoliopsida;Ericales;Ericaceae;Phyllodoce;Phyllodoce_aleutica
P002_WF07	Eukaryota;Streptophyta;Magnoliopsida;Caryophyllales;Caryophyllaceae;Minuartia;Minuartia_recurva
P002_WF08	Eukaryota;Streptophyta;Magnoliopsida;Poales;Poaceae;Dupontia;Dupontia_fisheri
P002_WF09	Eukaryota;Streptophyta;Magnoliopsida;Ericales;Ericaceae;Pyrola;Pyrola_grandiflora
P002_WF10	Eukaryota;Streptophyta;Magnoliopsida;Rosales;Rosaceae;Potentilla;Potentilla_hyparctica
P002_WF11	Eukaryota;Streptophyta;Magnoliopsida;Poales;Juncaceae;Luzula;Luzula_arctica
P002_WF12	Eukaryota;Streptophyta;Magnoliopsida;Poales;Cyperaceae;Carex;Carex_rotundata
P002_WG01	Eukaryota;Streptophyta;Magnoliopsida;Poales;Poaceae;Agrostis;Agrostis_vinealis
P002_WG02	Eukaryota;Streptophyta;Magnoliopsida;Fabales;Fabaceae;Hedysarum;Hedysarum_caucasicum
P002_WG03	Eukaryota;Streptophyta;Magnoliopsida;Liliales;Liliaceae;Fritillaria;Fritillaria_collina
P002_WG04	Eukaryota;Streptophyta;Magnoliopsida;Rosales;Rosaceae;Alchemilla;Alchemilla_caucasica
P002_WG05	Eukaryota;Streptophyta;Magnoliopsida;Poales;Poaceae;Calamagrostis;Calamagrostis_canadensis
P002_WG06	Eukaryota;Streptophyta;Magnoliopsida;Poales;Juncaceae;Juncus;Juncus_beringensis
P002_WG07	Eukaryota;Streptophyta;Magnoliopsida;Poales;Cyperaceae;Carex;Carex_rariflora
P002_WG08	Eukaryota;Streptophyta;Magnoliopsida;Poales;Cyperaceae;Eriophorum;Eriophorum_scheuchzeri
P002_WG09	Eukaryota;Streptophyta;Magnoliopsida;Malpighiales;Salicaceae;Salix;Salix_uva-ursi
P002_WG10	Eukaryota;Streptophyta;Magnoliopsida;Saxifragales;Saxifragaceae;Saxifraga;Saxifraga_hieracifolia
P002_WG11	Eukaryota;Streptophyta;Magnoliopsida;Malpighiales;Salicaceae;Salix;Salix_phlebophylla
P002_WG12	Eukaryota;Streptophyta;Magnoliopsida;Ericales;Ericaceae;Vaccinium;Vaccinium_vitis-idaea
P002_WH01	Eukaryota;Streptophyta;Magnoliopsida;Ranunculales;Ranunculaceae;Pulsatilla;Pulsatilla_aurea
P002_WH02	Eukaryota;Streptophyta;Magnoliopsida;Saxifragales;Crassulaceae;Sempervivum;Sempervivum_caucasicum
P002_WH03	Eukaryota;Streptophyta;Magnoliopsida;Gentianales;Rubiaceae;Galium;Galium_verum
P002_WH04	Eukaryota;Streptophyta;Magnoliopsida;Apiales;Apiaceae;Bupleurum;Bupleurum_ranunculoides
P002_WH05	Eukaryota;Streptophyta;Magnoliopsida;Ranunculales;Ranunculaceae;Anemone;Anemone_narcissiflora
P002_WH06	Eukaryota;Streptophyta;Magnoliopsida;Asterales;Asteraceae;Artemisia;Artemisia_arctica
P002_WH07	Eukaryota;Streptophyta;Magnoliopsida;Caryophyllales;Caryophyllaceae;Cerastium;Cerastium_arcticum
P002_WH08	Eukaryota;Streptophyta;Magnoliopsida;Poales;Cyperaceae;Carex;Carex_subspathacea
P002_WH09	Eukaryota;Streptophyta;Magnoliopsida;Ericales;Ericaceae;Rhododendron;Rhododendron_groenlandicum
P002_WH10	Eukaryota;Streptophyta;Magnoliopsida;Poales;Poaceae;Arctagrostis;Arctagrostis_latifolia
P002_WH11	Eukaryota;Streptophyta;Magnoliopsida;Brassicales;Brassicaceae;Draba;Draba_micropetala
P002_WH12	Eukaryota;Streptophyta;Magnoliopsida;Lamiales;Orobanchaceae;Pedicularis;Pedicularis_albolabiata
P003_WA01	Eukaryota;Streptophyta;Magnoliopsida;Rosales;Rosaceae;Potentilla;Potentilla_fruticosa
P003_WA02	Eukaryota;Streptophyta;Magnoliopsida;Poales;Poaceae;Poa;Poa_glauca
P003_WA03	Eukaryota;Streptophyta;Magnoliopsida;Caryophyllales;Polygonaceae;Bistorta;Bistorta_viviparum
P003_WA04	Eukaryota;Streptophyta;Magnoliopsida;Saxifragales;Crassulaceae;Sedum;Sedum_alpestre
P003_WA05	Eukaryota;Streptophyta;Magnoliopsida;Ranunculales;Papaveraceae;Papaver;Papaver_radicatum
P003_WA06	Eukaryota;Streptophyta;Magnoliopsida;Poales;Poaceae;Festuca;Festuca_quadriflora
P003_WA07	Eukaryota;Streptophyta;Magnoliopsida;Poales;Cyperaceae;Carex;Carex_misandra
P003_WA08	Eukaryota;Streptophyta;Magnoliopsida;Asterales;Asteraceae;Senecio;Senecio_atropurpureus
P003_WA09	Eukaryota;Streptophyta;Magnoliopsida;Caryophyllales;Caryophyllaceae;Cerastium;Cerastium_beeringianum
P003_WA10	Eukaryota;Streptophyta;Magnoliopsida;Gentianales;Gentianaceae;Gentiana;Gentiana_brachyphylla
P003_WA11	Eukaryota;Streptophyta;Magnoliopsida;Ericales;Primulaceae;Soldanella;Soldanella_alpina
P003_WA12	Eukaryota;Streptophyta;Magnoliopsida;Poales;Poaceae;Festuca;Festuca_pulchella
P003_WB01	Eukaryota;Streptophyta;Magnoliopsida;Asterales;Asteraceae;Solidago;Solidago_multiradiata
P003_WB02	Eukaryota;Streptophyta;Magnoliopsida;Gentianales;Rubiaceae;Galium;Galium_normanii
P003_WB03	Eukaryota;Streptophyta;Polypodiopsida;Equisetales;Equisetaceae;Equisetum;Equisetum_scirpoides
P003_WB04	Eukaryota;Streptophyta;Magnoliopsida;Poales;Cyperaceae;Eriophorum;Eriophorum_scheuchzeri
P003_WB05	Eukaryota;Streptophyta;Magnoliopsida;Malpighiales;Salicaceae;Salix;Salix_arctica
P003_WB06	Eukaryota;Streptophyta;Magnoliopsida;Caryophyllales;Caryophyllaceae;Silene;Silene_triflorum?
P003_WB07	Eukaryota;Streptophyta;Magnoliopsida;Ericales;Ericaceae;Vaccinium;Vaccinium_microcarpum
P003_WB08	Eukaryota;Streptophyta;Magnoliopsida;Asterales;Asteraceae;Antennaria;Antennaria_friesiana
P003_WB09	Eukaryota;Streptophyta;Magnoliopsida;Poales;Cyperaceae;Eriophorum;Eriophorum_triste_angustifolium
P003_WB10	Eukaryota;Streptophyta;Magnoliopsida;Fabales;Fabaceae;Hedysarum;Hedysarum_hedysaroides
P003_WB11	Eukaryota;Streptophyta;Magnoliopsida;Apiales;Apiaceae;Ligusticum;Ligusticum_mutellinoides
P003_WB12	Eukaryota;Streptophyta;Magnoliopsida;Saxifragales;Crassulaceae;Sedum;Sedum_atratum
P003_WC01	Eukaryota;Streptophyta;Magnoliopsida;Caryophyllales;Polygonaceae;Bistorta;Bistorta_plumosa
P003_WC02	Eukaryota;Streptophyta;Magnoliopsida;Ericales;Ericaceae;Rhododendron;Rhododendron_lapponicum
P003_WC03	Eukaryota;Streptophyta;Magnoliopsida;Ranunculales;Ranunculaceae;Trollius;Trollius_europaeus
P003_WC04	Eukaryota;Streptophyta;Magnoliopsida;Poales;Cyperaceae;Carex;Carex_curvula
P003_WC05	Eukaryota;Streptophyta;Magnoliopsida;Saxifragales;Saxifragaceae;Saxifraga;Saxifraga_androsacea
P003_WC06	Eukaryota;Streptophyta;Magnoliopsida;Ericales;Primulaceae;Primula;Primula_integrifolia
P003_WC07	Eukaryota;Streptophyta;Magnoliopsida;Poales;Juncaceae;Luzula;Luzula_wahlenbergii
P003_WC08	Eukaryota;Streptophyta;Magnoliopsida;Poales;Poaceae;Poa;Poa_vivpara
P003_WC09	Eukaryota;Streptophyta;Magnoliopsida;Poales;Cyperaceae;Carex;Carex_vanheurckii
P003_WC10	Eukaryota;Streptophyta;Magnoliopsida;Asterales;Asteraceae;Leucanthemum;Leucanthemum_halleri
P003_WC11	Eukaryota;Streptophyta;Magnoliopsida;Asterales;Asteraceae;Achillea;Achillea_atrata
P003_WC12	Eukaryota;Streptophyta;Magnoliopsida;Poales;Juncaceae;Luzula;Luzula_wahlenbergii
P003_WD01	Eukaryota;Streptophyta;Magnoliopsida;Ericales;Ericaceae;Rhododendron;Rhododendron_palustre_lapponicum
P003_WD02	Eukaryota;Streptophyta;Magnoliopsida;Brassicales;Brassicaceae;Draba;Draba_nivalis
P003_WD03	Eukaryota;Streptophyta;Magnoliopsida;Lamiales;Lentibulariaceae;Pinguicula;Pinguicula_alpina
P003_WD04	Eukaryota;Streptophyta;Magnoliopsida;Fabales;Fabaceae;Trifolium;Trifolium_badium
P003_WD05	Eukaryota;Streptophyta;Magnoliopsida;Brassicales;Brassicaceae;Draba;Draba_aizoides
P003_WD06	Eukaryota;Streptophyta;Magnoliopsida;Ranunculales;Ranunculaceae;Ranunculus;Ranunculus_glacialis
P003_WD07	Eukaryota;Streptophyta;Magnoliopsida;Brassicales;Brassicaceae;Cochlearia;Cochlearia_officinalis
P003_WD08	Eukaryota;Streptophyta;Magnoliopsida;Caryophyllales;Caryophyllaceae;Stellaria;Stellaria_laeta_longipes
P003_WD09	Eukaryota;Streptophyta;Magnoliopsida;Malpighiales;Salicaceae;Salix;Salix_rotundifolia
P003_WD10	Eukaryota;Streptophyta;Magnoliopsida;Caryophyllales;Caryophyllaceae;Sagina;Sagina_saginoides
P003_WD11	Eukaryota;Streptophyta;Magnoliopsida;Ericales;Primulaceae;Androsace;Androsace_obtusifolia
P003_WD12	Eukaryota;Streptophyta;Magnoliopsida;Lamiales;Plantaginaceae;Veronica;Veronica_aphylla
P003_WE01	Eukaryota;Streptophyta;Magnoliopsida;Lamiales;Orobanchaceae;Pedicularis;Pedicularis_oederi
P003_WE02	Eukaryota;Streptophyta;Magnoliopsida;Poales;Poaceae;Festuca;Festuca_brachyphylla
P003_WE03	Eukaryota;Streptophyta;Polypodiopsida;Equisetales;Equisetaceae;Equisetum;Equisetum_pratense
P003_WE04	Eukaryota;Streptophyta;Magnoliopsida;Poales;Poaceae;Agrostis;Agrostis_rupestris
P003_WE05	Eukaryota;Streptophyta;Magnoliopsida;Asterales;Asteraceae;Taraxacum;Taraxacum_alpinum
P003_WE06	Eukaryota;Streptophyta;Lycopodiopsida;Lycopodiales;Lycopodiaceae;Diphasiastrum;Diphasiastrum_alpinum
P003_WE07	Eukaryota;Streptophyta;Magnoliopsida;Poales;Cyperaceae;Eriophorum;Eriophorum_vaginatum
P003_WE08	Eukaryota;Streptophyta;Magnoliopsida;Lamiales;Plantaginaceae;Veronica;Veronica_wormskjoldii
P003_WE09	Eukaryota;Streptophyta;Magnoliopsida;Malpighiales;Salicaceae;Salix;Salix_retusa
P003_WE10	Eukaryota;Streptophyta;Magnoliopsida;Lamiales;Orobanchaceae;Pedicularis;Pedicularis_verticillata
P003_WE11	Eukaryota;Streptophyta;Magnoliopsida;Poales;Cyperaceae;Carex;Carex_parviflora
P003_WE12	Eukaryota;Streptophyta;Magnoliopsida;Caryophyllales;Caryophyllaceae;Dianthus;Dianthus_glacialis
P003_WF01	Eukaryota;Streptophyta;Magnoliopsida;Myrtales;Onagraceae;Epilobium;Epilobium_palustre
P003_WF02	Eukaryota;Streptophyta;Magnoliopsida;Rosales;Rosaceae;Dryas;Dryas_integrifolia
P003_WF03	Eukaryota;Streptophyta;Magnoliopsida;Poales;Cyperaceae;Carex;Carex_membranacea
P003_WF04	Eukaryota;Streptophyta;Magnoliopsida;Brassicales;Brassicaceae;Cardamine;Cardamine_alpina_bellidifolia
P003_WF05	Eukaryota;Streptophyta;Magnoliopsida;Lamiales;Orobanchaceae;Euphrasia;Euphrasia_minima_simonkaiana
P003_WF06	Eukaryota;Streptophyta;Magnoliopsida;Asterales;Asteraceae;Solidago;Solidago_virgaurea
P003_WF07	Eukaryota;Streptophyta;Magnoliopsida;Caryophyllales;Caryophyllaceae;Silene;Silene_uralensis
P003_WF08	Eukaryota;Streptophyta;Magnoliopsida;Malpighiales;Salicaceae;Salix;Salix_pulchra
P003_WF09	Eukaryota;Streptophyta;Magnoliopsida;Gentianales;Gentianaceae;Gentiana;Gentiana_bavarica
P003_WF10	Eukaryota;Streptophyta;Magnoliopsida;Caryophyllales;Caryophyllaceae;Minuartia;Minuartia_verna
P003_WF11	Eukaryota;Streptophyta;Magnoliopsida;Ranunculales;Ranunculaceae;Ranunculus;Ranunculus_montanus
P003_WF12	Eukaryota;Streptophyta;Magnoliopsida;Poales;Poaceae;Festuca;Festuca_rubra
P003_WG01	Eukaryota;Streptophyta;Magnoliopsida;Ranunculales;Ranunculaceae;Aconitum;Aconitum_delphinifolium
P003_WG02	Eukaryota;Streptophyta;Magnoliopsida;Poales;Cyperaceae;Carex;Carex_scirpoides
P003_WG03	Eukaryota;Streptophyta;Magnoliopsida;Ericales;Primulaceae;Soldanella;Soldanella_pusilla
P003_WG04	Eukaryota;Streptophyta;Magnoliopsida;Brassicales;Brassicaceae;Cardamine;Cardamine_pratensis
P003_WG05	Eukaryota;Streptophyta;Magnoliopsida;Asterales;Asteraceae;Leucanthemopsis;Leucanthemopsis_alpina
P003_WG06	Eukaryota;Streptophyta;Magnoliopsida;Lamiales;Lentibulariaceae;Pinguicula;Pinguicula_villosa
P003_WG07	Eukaryota;Streptophyta;Magnoliopsida;Lamiales;Orobanchaceae;Pedicularis;Pedicularis_kanei_lanata
P003_WG08	Eukaryota;Streptophyta;Magnoliopsida;Brassicales;Brassicaceae;Draba;Draba_lactea
P003_WG09	Eukaryota;Streptophyta;Magnoliopsida;Poales;Poaceae;Sesleria;Sesleria_caerulea
P003_WG10	Eukaryota;Streptophyta;Magnoliopsida;Poales;Juncaceae;Juncus;Juncus_triglumis
P003_WG11	Eukaryota;Streptophyta;Magnoliopsida;Asterales;Asteraceae;Cirsium;Cirsium_spinosissimum
P003_WG12	Eukaryota;Streptophyta;Magnoliopsida;Poales;Cyperaceae;Carex;Carex_stenantha
P003_WH01	Eukaryota;Streptophyta;Magnoliopsida;Lamiales;Orobanchaceae;Pedicularis;Pedicularis_capitata
P003_WH02	Eukaryota;Streptophyta;Magnoliopsida;Lamiales;Orobanchaceae;Bartsia;Bartsia_alpina
P003_WH03	Eukaryota;Streptophyta;Magnoliopsida;Ericales;Primulaceae;Primula;Primula_glutinosa
P003_WH04	Eukaryota;Streptophyta;Magnoliopsida;Poales;Cyperaceae;Carex;Carex_concolor
P003_WH05	Eukaryota;Streptophyta;Magnoliopsida;Asterales;Campanulaceae;Campanula;Campanula_scheuchzeri
P003_WH06	Eukaryota;Streptophyta;Magnoliopsida;Saxifragales;Saxifragaceae;Saxifraga;Saxifraga_foliolosa
P003_WH07	Eukaryota;Streptophyta;Magnoliopsida;Ranunculales;Ranunculaceae;Ranunculus;Ranunculus_pygmaeus
P003_WH08	Eukaryota;Streptophyta;Magnoliopsida;Ranunculales;Papaveraceae;Papaver;Papaver_hultenii_lapponicum
P003_WH09	Eukaryota;Streptophyta;Magnoliopsida;Saxifragales;Saxifragaceae;Saxifraga;Saxifraga_exarata
P003_WH10	Eukaryota;Streptophyta;Magnoliopsida;Brassicales;Brassicaceae;Arabis;Arabis_subcoriacea_soyeri
P003_WH11	Eukaryota;Streptophyta;Magnoliopsida;Asterales;Asteraceae;Aster;Aster_bellidiastrum_Erigeron
P003_WH12	Eukaryota;Streptophyta;Magnoliopsida;Poales;Cyperaceae;Carex;Carex_flavocuspis
P004_WA01	Eukaryota;Streptophyta;Magnoliopsida;Poales;Cyperaceae;Carex;Carex_sempervirens
P004_WA02	Eukaryota;Streptophyta;Magnoliopsida;Ericales;Primulaceae;Primula;Primula_cuneifolia
P004_WB01	Eukaryota;Streptophyta;Magnoliopsida;Poales;Poaceae;Alopecurus;Alopecurus_borealis_magellanicus
P004_WB02	Eukaryota;Streptophyta;Magnoliopsida;Ericales;Ericaceae;Pieris;Pieris_nana_Arcterica
P004_WC01	Eukaryota;Streptophyta;Magnoliopsida;Poales;Poaceae;Hierochloe;Hierochloe_alpina
P004_WC02	Eukaryota;Streptophyta;Magnoliopsida;Caryophyllales;Polygonaceae;Polygonum;Polygonum_bistorta
P004_WD01	Eukaryota;Streptophyta;Magnoliopsida;Poales;Poaceae;Festuca;Festuca_brachyphylla
P004_WD02	Eukaryota;Streptophyta;Magnoliopsida;Asterales;Asteraceae;Antennaria;Antennaria_alpina
P004_WE01	Eukaryota;Streptophyta;Pinopsida;Pinales;Pinaceae;Pinus;Pinus_pumila
P004_WF01	Eukaryota;Streptophyta;Pinopsida;Cupressales;Cupressaceae;Juniperus;Juniperus_communis
P004_WG01	Eukaryota;Streptophyta;Magnoliopsida;Rosales;Rosaceae;Sieversia;Sieversia_pentapetala
P004_WH01	Eukaryota;Streptophyta;Magnoliopsida;Caryophyllales;Caryophyllaceae;Minuartia;Minuartia_aizoides_Pseudocherleria
WA01	Eukaryota;Streptophyta;Magnoliopsida;Rosales;Rosaceae;Potentilla;Potentilla_cranzii
WA02	Eukaryota;Streptophyta;Magnoliopsida;Malpighiales;Salicaceae;Salix;Salix_herbacia
WA03	Eukaryota;Streptophyta;Magnoliopsida;Poales;Poaceae;Calamagrostis;Calamagrostis_lapponica
WA04	Eukaryota;Streptophyta;Magnoliopsida;Ericales;Ericaceae;Pyrola;Pyrola_minor
WA05	Eukaryota;Streptophyta;Magnoliopsida;Lamiales;Lentibulariaceae;Pinguicula;Pinguicula_vulgaris
WA06	Eukaryota;Streptophyta;Magnoliopsida;Caryophyllales;Caryophyllaceae;Cerastium;Cerastium_cerastoides
WA07	Eukaryota;Streptophyta;Magnoliopsida;Saxifragales;Saxifragaceae;Saxifraga;Saxifraga_cernua
WA08	Eukaryota;Streptophyta;Magnoliopsida;Ericales;Ericaceae;Phyllodoce;Phyllodoce_caerulea
WA09	Eukaryota;Streptophyta;Magnoliopsida;Ericales;Ericaceae;Empetrum;Empetrum_nigrum
WA10	Eukaryota;Streptophyta;Magnoliopsida;Poales;Juncaceae;Luzula;Luzula_multiflora
WA11	Eukaryota;Streptophyta;Magnoliopsida;Caryophyllales;Polygonaceae;Oxyria;Oxyria_digyna
WA12	Eukaryota;Streptophyta;Magnoliopsida;Poales;Cyperaceae;Carex;Carex_capillaris
WB01	Eukaryota;Streptophyta;Magnoliopsida;Poales;Cyperaceae;Carex;Carex_concolor
WB02	Eukaryota;Streptophyta;Magnoliopsida;Geraniales;Geraniaceae;Geranium;Geranium_sylvaticum
WB03	Eukaryota;Streptophyta;Magnoliopsida;Asterales;Campanulaceae;Campanula;Campanula_uniflora
WB04	Eukaryota;Streptophyta;Polypodiopsida;Equisetales;Equisetaceae;Equisetum;Equisetum_palustre
WB05	Eukaryota;Streptophyta;Magnoliopsida;Asterales;Asteraceae;Petasites;Petasites_frigidus
WB06	Eukaryota;Streptophyta;Magnoliopsida;Poales;Poaceae;Poa;Poa_alpina
WB07	Eukaryota;Streptophyta;Magnoliopsida;Caryophyllales;Polygonaceae;Rumex;Rumex_acetosa
WB08	Eukaryota;Streptophyta;Magnoliopsida;Ericales;Primulaceae;Trientalis;Trientalis_europeae
WB09	Eukaryota;Streptophyta;Magnoliopsida;Saxifragales;Saxifragaceae;Saxifraga;Saxifraga_stellaris
WB10	Eukaryota;Streptophyta;Magnoliopsida;Rosales;Rosaceae;Sibbaldia;Sibbaldia_procumbens
WB11	Eukaryota;Streptophyta;Magnoliopsida;Asterales;Asteraceae;Hieracium;Hieracium_alpina
WB12	Eukaryota;Streptophyta;Magnoliopsida;Asterales;Asteraceae;Taraxacum;Taraxacum_croceum
WC01	Eukaryota;Streptophyta;Magnoliopsida;Poales;Cyperaceae;Carex;Carex_lachenalii
WC02	Eukaryota;Streptophyta;Magnoliopsida;Ericales;Ericaceae;Arctous;Arctous_alpina
WC03	Eukaryota;Streptophyta;Magnoliopsida;Ericales;Ericaceae;Pyrola;Pyrola_rotundifolia
WC04	Eukaryota;Streptophyta;Magnoliopsida;Poales;Poaceae;Agrostis;Agrostis_mertensii
WC05	Eukaryota;Streptophyta;Magnoliopsida;Poales;Cyperaceae;Carex;Carex_norvegica
WC06	Eukaryota;Streptophyta;Magnoliopsida;Ericales;Ericaceae;Vaccinium;Vaccinium_uliginosum
P8807_501	Eukaryota;Streptophyta;Magnoliopsida;Ericales;Ericaceae;Andromeda;Andromeda_polifolia
P8807_502	Eukaryota;Streptophyta;Lycopodiopsida;Lycopodiales;Lycopodiaceae;Huperzia;Huperzia_selago
P8807_503	Eukaryota;Streptophyta;Magnoliopsida;Ericales;Ericaceae;Pyrola;Pyrola_rotundifolia
P8807_504	Eukaryota;Streptophyta;Magnoliopsida;Malpighiales;Salicaceae;Salix;Salix_phylicifolia
P8807_505	Eukaryota;Streptophyta;Magnoliopsida;Poales;Cyperaceae;Carex;Carex_rupestis
P8807_506	Eukaryota;Streptophyta;Magnoliopsida;Poales;Poaceae;Festuca;Festuca_vivipara
P8807_507	Eukaryota;Streptophyta;Magnoliopsida;Saxifragales;Crassulaceae;Rhodiola;Rhodiola_rosea
P8807_508	Eukaryota;Streptophyta;Magnoliopsida;Asterales;Asteraceae;Hieracium;Hieracium_alpina
P8807_509	Eukaryota;Streptophyta;Magnoliopsida;Lamiales;Orobanchaceae;Pedicularis;Pedicularis_lapponica
P8807_510	Eukaryota;Streptophyta;Magnoliopsida;Malpighiales;Violaceae;Viola;Viola_biflora
P8807_511	Eukaryota;Streptophyta;Magnoliopsida;Poales;Poaceae;Poa;Poa_arctica
P8807_512	Eukaryota;Streptophyta;Magnoliopsida;Poales;Cyperaceae;Carex;Carex_bigelowii
P8807_513	Eukaryota;Streptophyta;Magnoliopsida;Poales;Juncaceae;Luzula;Luzula_spicata
P8807_514	Eukaryota;Streptophyta;Magnoliopsida;Ericales;Ericaceae;Harrimanella;Harrimanella_hypnoides
P8807_515	Eukaryota;Streptophyta;Magnoliopsida;Asterales;Asteraceae;Saussurea;Saussurea_alpina
P8807_516	Eukaryota;Streptophyta;Magnoliopsida;Caryophyllales;Caryophyllaceae;Cerastium;Cerastium_alpinum
P8807_517	Eukaryota;Streptophyta;Magnoliopsida;Ericales;Ericaceae;Vaccinium;Vaccinium_vitis-idea
P8807_518	Eukaryota;Streptophyta;Magnoliopsida;Poales;Cyperaceae;Carex;Carex_fuliginosa
P8807_519	Eukaryota;Streptophyta;Magnoliopsida;Malpighiales;Salicaceae;Salix;Salix_lanata
P8807_520	Eukaryota;Streptophyta;Magnoliopsida;Poales;Juncaceae;Juncus;Juncus_trifidus
P8807_521	Eukaryota;Streptophyta;Magnoliopsida;Ericales;Ericaceae;Vaccinium;Vaccinium_myrtillus
P8807_522	Eukaryota;Streptophyta;Magnoliopsida;Rosales;Rosaceae;Dryas;Dryas_octopetala
P8807_523	Eukaryota;Streptophyta;Magnoliopsida;Malpighiales;Salicaceae;Salix;Salix_polaris
P8807_524	Eukaryota;Streptophyta;Magnoliopsida;Lamiales;Orobanchaceae;Pedicularis;Pedicularis_dasnyanta
P8807_525	Eukaryota;Streptophyta;Magnoliopsida;Rosales;Rosaceae;Rubus;Rubus_chamaemorus
P8807_526	Eukaryota;Streptophyta;Polypodiopsida;Equisetales;Equisetaceae;Equisetum;Equisetum_variegatum
P8807_527	Eukaryota;Streptophyta;Magnoliopsida;Fabales;Fabaceae;Astragalus;Astragalus_alpinus
P8807_528	Eukaryota;Streptophyta;Magnoliopsida;Ericales;Diapensiaceae;Diapensia;Diapensia_lapponica
P8807_529	Eukaryota;Streptophyta;Magnoliopsida;Poales;Cyperaceae;Carex;Carex_nigra
P8807_530	Eukaryota;Streptophyta;Magnoliopsida;Poales;Cyperaceae;Carex;Carex_atrata
